program,data_file,min_sup,run_time
apriori.py,data.txt,0.01,0.05229221697663888
apriori.py,data.txt,0.01,0.041117151034995914
apriori.py,data.txt,0.01,0.03998818900436163
rmtid_apriori.py,data.txt,0.01,0.04614839202258736
rmtid_apriori.py,data.txt,0.01,0.038658634992316365
rmtid_apriori.py,data.txt,0.01,0.04209915897808969
p_rmtid_apriori.py,data.txt,0.01,0.42127867304952815
p_rmtid_apriori.py,data.txt,0.01,0.4317989069968462
p_rmtid_apriori.py,data.txt,0.01,0.3984649839694612
apriori.py,data.txt,0.109,0.04292208299739286
apriori.py,data.txt,0.109,0.04705057496903464
apriori.py,data.txt,0.109,0.041199073020834476
rmtid_apriori.py,data.txt,0.109,0.04554593504872173
rmtid_apriori.py,data.txt,0.109,0.0412456130143255
rmtid_apriori.py,data.txt,0.109,0.04349808901315555
p_rmtid_apriori.py,data.txt,0.109,0.41837375797331333
p_rmtid_apriori.py,data.txt,0.109,0.40437213599216193
p_rmtid_apriori.py,data.txt,0.109,0.39252325805136934
apriori.py,data.txt,0.20800000000000002,0.04644032701617107
apriori.py,data.txt,0.20800000000000002,0.041430654004216194
apriori.py,data.txt,0.20800000000000002,0.04074046399910003
rmtid_apriori.py,data.txt,0.20800000000000002,0.052321262017358094
rmtid_apriori.py,data.txt,0.20800000000000002,0.06279105797875673
rmtid_apriori.py,data.txt,0.20800000000000002,0.05612060602288693
p_rmtid_apriori.py,data.txt,0.20800000000000002,0.43527642195113003
p_rmtid_apriori.py,data.txt,0.20800000000000002,0.422523410001304
p_rmtid_apriori.py,data.txt,0.20800000000000002,0.4161455539870076
apriori.py,data.txt,0.30700000000000005,0.0511758669745177
apriori.py,data.txt,0.30700000000000005,0.045854827971197665
apriori.py,data.txt,0.30700000000000005,0.04273305495735258
rmtid_apriori.py,data.txt,0.30700000000000005,0.05108030000701547
rmtid_apriori.py,data.txt,0.30700000000000005,0.0450486849877052
rmtid_apriori.py,data.txt,0.30700000000000005,0.04512804502155632
p_rmtid_apriori.py,data.txt,0.30700000000000005,0.30447097605792806
p_rmtid_apriori.py,data.txt,0.30700000000000005,0.2886791049968451
p_rmtid_apriori.py,data.txt,0.30700000000000005,0.3051472050137818
apriori.py,data.txt,0.406,0.05168254702584818
apriori.py,data.txt,0.406,0.043809785041958094
apriori.py,data.txt,0.406,0.04463832196779549
rmtid_apriori.py,data.txt,0.406,0.0507447860436514
rmtid_apriori.py,data.txt,0.406,0.05069872195599601
rmtid_apriori.py,data.txt,0.406,0.04906160000246018
p_rmtid_apriori.py,data.txt,0.406,0.31008874002145603
p_rmtid_apriori.py,data.txt,0.406,0.3070709449821152
p_rmtid_apriori.py,data.txt,0.406,0.3026612670510076
apriori.py,data.txt,0.505,0.06493827904341742
apriori.py,data.txt,0.505,0.052604869997594506
apriori.py,data.txt,0.505,0.050404555979184806
rmtid_apriori.py,data.txt,0.505,0.06350105901947245
rmtid_apriori.py,data.txt,0.505,0.05151579197263345
rmtid_apriori.py,data.txt,0.505,0.0522880670032464
p_rmtid_apriori.py,data.txt,0.505,0.1977802850306034
p_rmtid_apriori.py,data.txt,0.505,0.1748949209577404
p_rmtid_apriori.py,data.txt,0.505,0.181448207993526
apriori.py,data.txt,0.6040000000000001,0.04394385701743886
apriori.py,data.txt,0.6040000000000001,0.04631924896966666
apriori.py,data.txt,0.6040000000000001,0.03975892497692257
rmtid_apriori.py,data.txt,0.6040000000000001,0.04544076998718083
rmtid_apriori.py,data.txt,0.6040000000000001,0.03920112201012671
rmtid_apriori.py,data.txt,0.6040000000000001,0.043099617992993444
p_rmtid_apriori.py,data.txt,0.6040000000000001,0.18312459700973704
p_rmtid_apriori.py,data.txt,0.6040000000000001,0.18723856599535793
p_rmtid_apriori.py,data.txt,0.6040000000000001,0.18139128800248727
apriori.py,data.txt,0.7030000000000001,0.044103966967668384
apriori.py,data.txt,0.7030000000000001,0.045626568025909364
apriori.py,data.txt,0.7030000000000001,0.04314992297440767
rmtid_apriori.py,data.txt,0.7030000000000001,0.051324756001122296
rmtid_apriori.py,data.txt,0.7030000000000001,0.05025456001749262
rmtid_apriori.py,data.txt,0.7030000000000001,0.049859650956932455
p_rmtid_apriori.py,data.txt,0.7030000000000001,0.19851001701317728
p_rmtid_apriori.py,data.txt,0.7030000000000001,0.1814364969613962
p_rmtid_apriori.py,data.txt,0.7030000000000001,0.18751139304367825
apriori.py,data.txt,0.802,0.04407535999780521
apriori.py,data.txt,0.802,0.045159532979596406
apriori.py,data.txt,0.802,0.0375498830107972
rmtid_apriori.py,data.txt,0.802,0.04596129903802648
rmtid_apriori.py,data.txt,0.802,0.05541752802673727
rmtid_apriori.py,data.txt,0.802,0.045324277016334236
p_rmtid_apriori.py,data.txt,0.802,0.06041405501309782
p_rmtid_apriori.py,data.txt,0.802,0.05600682203657925
p_rmtid_apriori.py,data.txt,0.802,0.056266092986334115
apriori.py,data.txt,0.901,0.05162840394768864
apriori.py,data.txt,0.901,0.04063649399904534
apriori.py,data.txt,0.901,0.04185317602241412
rmtid_apriori.py,data.txt,0.901,0.042226678982842714
rmtid_apriori.py,data.txt,0.901,0.03937575197778642
rmtid_apriori.py,data.txt,0.901,0.04204435902647674
p_rmtid_apriori.py,data.txt,0.901,0.0633343699737452
p_rmtid_apriori.py,data.txt,0.901,0.05301042803330347
p_rmtid_apriori.py,data.txt,0.901,0.061397330020554364
apriori.py,1k5L.txt,0.01,1.7067926960298792
apriori.py,1k5L.txt,0.01,1.774933140957728
apriori.py,1k5L.txt,0.01,1.5678162869880907
rmtid_apriori.py,1k5L.txt,0.01,1.7984689350123517
rmtid_apriori.py,1k5L.txt,0.01,1.9886749589932151
rmtid_apriori.py,1k5L.txt,0.01,1.8518729669740424
p_rmtid_apriori.py,1k5L.txt,0.01,1.5705122610088438
p_rmtid_apriori.py,1k5L.txt,0.01,1.7336054340121336
p_rmtid_apriori.py,1k5L.txt,0.01,1.5458507330040447
apriori.py,1k5L.txt,0.059000000000000004,0.08644663903396577
apriori.py,1k5L.txt,0.059000000000000004,0.08038770197890699
apriori.py,1k5L.txt,0.059000000000000004,0.07678990700514987
rmtid_apriori.py,1k5L.txt,0.059000000000000004,0.07873097900301218
rmtid_apriori.py,1k5L.txt,0.059000000000000004,0.07773877598810941
rmtid_apriori.py,1k5L.txt,0.059000000000000004,0.08527909900294617
p_rmtid_apriori.py,1k5L.txt,0.059000000000000004,0.10022746596951038
p_rmtid_apriori.py,1k5L.txt,0.059000000000000004,0.10971420799614862
p_rmtid_apriori.py,1k5L.txt,0.059000000000000004,0.09278359601739794
apriori.py,1k5L.txt,0.108,0.08284883201122284
apriori.py,1k5L.txt,0.108,0.08880182699067518
apriori.py,1k5L.txt,0.108,0.07987925299676135
rmtid_apriori.py,1k5L.txt,0.108,0.09238742501474917
rmtid_apriori.py,1k5L.txt,0.108,0.08553609997034073
rmtid_apriori.py,1k5L.txt,0.108,0.08258904499234632
p_rmtid_apriori.py,1k5L.txt,0.108,0.10007125296397135
p_rmtid_apriori.py,1k5L.txt,0.108,0.09588033799082041
p_rmtid_apriori.py,1k5L.txt,0.108,0.08881747798295692
apriori.py,1k5L.txt,0.15700000000000003,0.0896314550191164
apriori.py,1k5L.txt,0.15700000000000003,0.08897161803906783
apriori.py,1k5L.txt,0.15700000000000003,0.09851478901691735
rmtid_apriori.py,1k5L.txt,0.15700000000000003,0.084525701997336
rmtid_apriori.py,1k5L.txt,0.15700000000000003,0.08105863397940993
rmtid_apriori.py,1k5L.txt,0.15700000000000003,0.07935625099344179
p_rmtid_apriori.py,1k5L.txt,0.15700000000000003,0.1052910319995135
p_rmtid_apriori.py,1k5L.txt,0.15700000000000003,0.09867056604707614
p_rmtid_apriori.py,1k5L.txt,0.15700000000000003,0.09821032203035429
apriori.py,1k5L.txt,0.20600000000000002,0.0872327730176039
apriori.py,1k5L.txt,0.20600000000000002,0.08915560401510447
apriori.py,1k5L.txt,0.20600000000000002,0.0904157420154661
rmtid_apriori.py,1k5L.txt,0.20600000000000002,0.09845856903120875
rmtid_apriori.py,1k5L.txt,0.20600000000000002,0.08445438800845295
rmtid_apriori.py,1k5L.txt,0.20600000000000002,0.08470475900685415
p_rmtid_apriori.py,1k5L.txt,0.20600000000000002,0.10058548697270453
p_rmtid_apriori.py,1k5L.txt,0.20600000000000002,0.10671702399849892
p_rmtid_apriori.py,1k5L.txt,0.20600000000000002,0.11287969496333972
apriori.py,1k5L.txt,0.255,0.09783008397789672
apriori.py,1k5L.txt,0.255,0.08336343400878832
apriori.py,1k5L.txt,0.255,0.08310757501749322
rmtid_apriori.py,1k5L.txt,0.255,0.08032532001379877
rmtid_apriori.py,1k5L.txt,0.255,0.0810963079566136
rmtid_apriori.py,1k5L.txt,0.255,0.08125731302425265
p_rmtid_apriori.py,1k5L.txt,0.255,0.09896184800891206
p_rmtid_apriori.py,1k5L.txt,0.255,0.10234760999446735
p_rmtid_apriori.py,1k5L.txt,0.255,0.09430292499018833
apriori.py,1k5L.txt,0.30400000000000005,0.07907266402617097
apriori.py,1k5L.txt,0.30400000000000005,0.07419187197228894
apriori.py,1k5L.txt,0.30400000000000005,0.08703171298839152
rmtid_apriori.py,1k5L.txt,0.30400000000000005,0.09425495797768235
rmtid_apriori.py,1k5L.txt,0.30400000000000005,0.1682795180240646
rmtid_apriori.py,1k5L.txt,0.30400000000000005,0.08953873201971874
p_rmtid_apriori.py,1k5L.txt,0.30400000000000005,0.0945340659818612
p_rmtid_apriori.py,1k5L.txt,0.30400000000000005,0.09778975299559534
p_rmtid_apriori.py,1k5L.txt,0.30400000000000005,0.1000490469741635
apriori.py,1k5L.txt,0.35300000000000004,0.08343091001734138
apriori.py,1k5L.txt,0.35300000000000004,0.07720764295663685
apriori.py,1k5L.txt,0.35300000000000004,0.07725651899818331
rmtid_apriori.py,1k5L.txt,0.35300000000000004,0.1076975460164249
rmtid_apriori.py,1k5L.txt,0.35300000000000004,0.11915375397074968
rmtid_apriori.py,1k5L.txt,0.35300000000000004,0.08526896999683231
p_rmtid_apriori.py,1k5L.txt,0.35300000000000004,0.13507029903121293
p_rmtid_apriori.py,1k5L.txt,0.35300000000000004,0.10094588197534904
p_rmtid_apriori.py,1k5L.txt,0.35300000000000004,0.09465931297745556
apriori.py,1k5L.txt,0.402,0.09087111800909042
apriori.py,1k5L.txt,0.402,0.08873718802351505
apriori.py,1k5L.txt,0.402,0.09019209904363379
rmtid_apriori.py,1k5L.txt,0.402,0.12701706000370905
rmtid_apriori.py,1k5L.txt,0.402,0.11092016601469368
rmtid_apriori.py,1k5L.txt,0.402,0.08570062497165054
p_rmtid_apriori.py,1k5L.txt,0.402,0.10601112002041191
p_rmtid_apriori.py,1k5L.txt,0.402,0.11317359999520704
p_rmtid_apriori.py,1k5L.txt,0.402,0.10278843296691775
apriori.py,1k5L.txt,0.451,0.08630212303251028
apriori.py,1k5L.txt,0.451,0.08131418697303161
apriori.py,1k5L.txt,0.451,0.08243238303111866
rmtid_apriori.py,1k5L.txt,0.451,0.08906262397067621
rmtid_apriori.py,1k5L.txt,0.451,0.07777858799090609
rmtid_apriori.py,1k5L.txt,0.451,0.0868540049996227
p_rmtid_apriori.py,1k5L.txt,0.451,0.10290926101151854
p_rmtid_apriori.py,1k5L.txt,0.451,0.09718740702373907
p_rmtid_apriori.py,1k5L.txt,0.451,0.10342839203076437
apriori.py,t25i10d10k.txt,0.01,215.71530851896387
apriori.py,t25i10d10k.txt,0.01,207.9946286570048
apriori.py,t25i10d10k.txt,0.01,202.88153018598678
rmtid_apriori.py,t25i10d10k.txt,0.01,205.93906020000577
rmtid_apriori.py,t25i10d10k.txt,0.01,208.668186365976
rmtid_apriori.py,t25i10d10k.txt,0.01,208.76049432501895
p_rmtid_apriori.py,t25i10d10k.txt,0.01,119.50080520100892
p_rmtid_apriori.py,t25i10d10k.txt,0.01,121.63477193302242
p_rmtid_apriori.py,t25i10d10k.txt,0.01,122.50301007501548
apriori.py,t25i10d10k.txt,0.019000000000000003,81.39818260801258
apriori.py,t25i10d10k.txt,0.019000000000000003,78.13122261798708
apriori.py,t25i10d10k.txt,0.019000000000000003,80.69410341599723
rmtid_apriori.py,t25i10d10k.txt,0.019000000000000003,81.03429136401974
rmtid_apriori.py,t25i10d10k.txt,0.019000000000000003,81.54862173495349
rmtid_apriori.py,t25i10d10k.txt,0.019000000000000003,82.93628545000684
p_rmtid_apriori.py,t25i10d10k.txt,0.019000000000000003,48.91430970601505
p_rmtid_apriori.py,t25i10d10k.txt,0.019000000000000003,51.189316809992306
p_rmtid_apriori.py,t25i10d10k.txt,0.019000000000000003,53.64372829900822
apriori.py,t25i10d10k.txt,0.028000000000000004,38.859895643021446
apriori.py,t25i10d10k.txt,0.028000000000000004,38.75333601195598
apriori.py,t25i10d10k.txt,0.028000000000000004,38.08566181501374
rmtid_apriori.py,t25i10d10k.txt,0.028000000000000004,40.921601000998635
rmtid_apriori.py,t25i10d10k.txt,0.028000000000000004,40.62868997402256
rmtid_apriori.py,t25i10d10k.txt,0.028000000000000004,40.457874149957206
p_rmtid_apriori.py,t25i10d10k.txt,0.028000000000000004,23.894260286004283
p_rmtid_apriori.py,t25i10d10k.txt,0.028000000000000004,24.420970875013154
p_rmtid_apriori.py,t25i10d10k.txt,0.028000000000000004,23.455824956996366
apriori.py,t25i10d10k.txt,0.03700000000000001,18.616181139019318
apriori.py,t25i10d10k.txt,0.03700000000000001,17.91761995694833
apriori.py,t25i10d10k.txt,0.03700000000000001,17.637445489002857
rmtid_apriori.py,t25i10d10k.txt,0.03700000000000001,19.918666396988556
rmtid_apriori.py,t25i10d10k.txt,0.03700000000000001,20.723914798989426
rmtid_apriori.py,t25i10d10k.txt,0.03700000000000001,20.724354943959042
p_rmtid_apriori.py,t25i10d10k.txt,0.03700000000000001,12.145718572020996
p_rmtid_apriori.py,t25i10d10k.txt,0.03700000000000001,12.534963553014677
p_rmtid_apriori.py,t25i10d10k.txt,0.03700000000000001,12.921209792955779
apriori.py,t25i10d10k.txt,0.04600000000000001,9.968691556015983
apriori.py,t25i10d10k.txt,0.04600000000000001,10.585686140984762
apriori.py,t25i10d10k.txt,0.04600000000000001,10.758491471002344
rmtid_apriori.py,t25i10d10k.txt,0.04600000000000001,11.838049400947057
rmtid_apriori.py,t25i10d10k.txt,0.04600000000000001,11.15112523001153
rmtid_apriori.py,t25i10d10k.txt,0.04600000000000001,11.38522194698453
p_rmtid_apriori.py,t25i10d10k.txt,0.04600000000000001,7.62162728299154
p_rmtid_apriori.py,t25i10d10k.txt,0.04600000000000001,7.652550105005503
p_rmtid_apriori.py,t25i10d10k.txt,0.04600000000000001,7.084139074024279
apriori.py,t25i10d10k.txt,0.055000000000000014,5.053523914946709
apriori.py,t25i10d10k.txt,0.055000000000000014,5.1097607869887725
apriori.py,t25i10d10k.txt,0.055000000000000014,5.1655174840125255
rmtid_apriori.py,t25i10d10k.txt,0.055000000000000014,6.267048327019438
rmtid_apriori.py,t25i10d10k.txt,0.055000000000000014,5.591096747026313
rmtid_apriori.py,t25i10d10k.txt,0.055000000000000014,5.829666403995361
p_rmtid_apriori.py,t25i10d10k.txt,0.055000000000000014,4.039583842037246
p_rmtid_apriori.py,t25i10d10k.txt,0.055000000000000014,3.9129771300358698
p_rmtid_apriori.py,t25i10d10k.txt,0.055000000000000014,3.993988372036256
apriori.py,t25i10d10k.txt,0.06400000000000002,2.7875369519460946
apriori.py,t25i10d10k.txt,0.06400000000000002,2.81076555600157
apriori.py,t25i10d10k.txt,0.06400000000000002,2.7699972219998017
rmtid_apriori.py,t25i10d10k.txt,0.06400000000000002,3.341000129992608
rmtid_apriori.py,t25i10d10k.txt,0.06400000000000002,3.29198516899487
rmtid_apriori.py,t25i10d10k.txt,0.06400000000000002,3.172196827013977
p_rmtid_apriori.py,t25i10d10k.txt,0.06400000000000002,2.4003520590486005
p_rmtid_apriori.py,t25i10d10k.txt,0.06400000000000002,2.690310949983541
p_rmtid_apriori.py,t25i10d10k.txt,0.06400000000000002,2.3008445849991404
apriori.py,t25i10d10k.txt,0.07300000000000001,1.5754686169675551
apriori.py,t25i10d10k.txt,0.07300000000000001,1.6027710050111637
apriori.py,t25i10d10k.txt,0.07300000000000001,1.5798204930033535
rmtid_apriori.py,t25i10d10k.txt,0.07300000000000001,2.124147237977013
rmtid_apriori.py,t25i10d10k.txt,0.07300000000000001,2.1412154100253247
rmtid_apriori.py,t25i10d10k.txt,0.07300000000000001,2.093823189032264
p_rmtid_apriori.py,t25i10d10k.txt,0.07300000000000001,1.4536873119650409
p_rmtid_apriori.py,t25i10d10k.txt,0.07300000000000001,1.5935177680221386
p_rmtid_apriori.py,t25i10d10k.txt,0.07300000000000001,1.444678112049587
apriori.py,t25i10d10k.txt,0.08200000000000002,1.0917141109821387
apriori.py,t25i10d10k.txt,0.08200000000000002,1.112467301019933
apriori.py,t25i10d10k.txt,0.08200000000000002,1.1148597130086273
rmtid_apriori.py,t25i10d10k.txt,0.08200000000000002,1.6611260150093585
rmtid_apriori.py,t25i10d10k.txt,0.08200000000000002,1.630618843017146
rmtid_apriori.py,t25i10d10k.txt,0.08200000000000002,1.6349713749950752
p_rmtid_apriori.py,t25i10d10k.txt,0.08200000000000002,1.3049954550224356
p_rmtid_apriori.py,t25i10d10k.txt,0.08200000000000002,1.2946743759675883
p_rmtid_apriori.py,t25i10d10k.txt,0.08200000000000002,1.2037971729878336
apriori.py,t25i10d10k.txt,0.09100000000000003,0.9382797259604558
apriori.py,t25i10d10k.txt,0.09100000000000003,0.9252126389765181
apriori.py,t25i10d10k.txt,0.09100000000000003,0.9354238969972357
rmtid_apriori.py,t25i10d10k.txt,0.09100000000000003,1.7170670329942368
rmtid_apriori.py,t25i10d10k.txt,0.09100000000000003,1.4374306530226022
rmtid_apriori.py,t25i10d10k.txt,0.09100000000000003,1.445784282987006
p_rmtid_apriori.py,t25i10d10k.txt,0.09100000000000003,1.0696158060454763
p_rmtid_apriori.py,t25i10d10k.txt,0.09100000000000003,1.1719436540151946
p_rmtid_apriori.py,t25i10d10k.txt,0.09100000000000003,1.1064734309911728
apriori.py,retail.txt,0.3,45.300412156037055
apriori.py,retail.txt,0.3,45.22201373602729
apriori.py,retail.txt,0.3,44.31681489100447
rmtid_apriori.py,retail.txt,0.3,58.8327143350034
rmtid_apriori.py,retail.txt,0.3,70.01560285198502
rmtid_apriori.py,retail.txt,0.3,63.79648030601675
p_rmtid_apriori.py,retail.txt,0.3,68.02445031702518
p_rmtid_apriori.py,retail.txt,0.3,60.30402502900688
p_rmtid_apriori.py,retail.txt,0.3,65.46107356902212
apriori.py,retail.txt,0.32,48.16018752095988
apriori.py,retail.txt,0.32,48.91939483897295
apriori.py,retail.txt,0.32,49.59304412698839
rmtid_apriori.py,retail.txt,0.32,76.39482679398498
rmtid_apriori.py,retail.txt,0.32,68.61770272802096
rmtid_apriori.py,retail.txt,0.32,58.987974853022024
p_rmtid_apriori.py,retail.txt,0.32,55.18537867395207
p_rmtid_apriori.py,retail.txt,0.32,54.608168123988435
p_rmtid_apriori.py,retail.txt,0.32,53.57970552804181
apriori.py,retail.txt,0.34,45.320586882997304
apriori.py,retail.txt,0.34,45.95073472900549
apriori.py,retail.txt,0.34,48.39016776898643
rmtid_apriori.py,retail.txt,0.34,58.70053800701862
rmtid_apriori.py,retail.txt,0.34,62.426279928011354
rmtid_apriori.py,retail.txt,0.34,63.311003100010566
p_rmtid_apriori.py,retail.txt,0.34,58.86300905095413
p_rmtid_apriori.py,retail.txt,0.34,52.91905421100091
p_rmtid_apriori.py,retail.txt,0.34,64.72814542800188
apriori.py,retail.txt,0.36000000000000004,54.111208332993556
apriori.py,retail.txt,0.36000000000000004,59.19870757404715
apriori.py,retail.txt,0.36000000000000004,43.62304054899141
rmtid_apriori.py,retail.txt,0.36000000000000004,61.331849840004
rmtid_apriori.py,retail.txt,0.36000000000000004,56.07419241103344
rmtid_apriori.py,retail.txt,0.36000000000000004,59.27339149505133
p_rmtid_apriori.py,retail.txt,0.36000000000000004,53.82484725996619
p_rmtid_apriori.py,retail.txt,0.36000000000000004,52.353647887997795
p_rmtid_apriori.py,retail.txt,0.36000000000000004,51.505647739977576
apriori.py,retail.txt,0.38000000000000006,44.40873936202843
apriori.py,retail.txt,0.38000000000000006,49.99644435400842
apriori.py,retail.txt,0.38000000000000006,44.341538799984846
rmtid_apriori.py,retail.txt,0.38000000000000006,56.57028064999031
rmtid_apriori.py,retail.txt,0.38000000000000006,52.54225848300848
rmtid_apriori.py,retail.txt,0.38000000000000006,53.871612676011864
p_rmtid_apriori.py,retail.txt,0.38000000000000006,52.03019088396104
p_rmtid_apriori.py,retail.txt,0.38000000000000006,52.08546850597486
p_rmtid_apriori.py,retail.txt,0.38000000000000006,51.024930445011705
apriori.py,retail.txt,0.4000000000000001,45.085358429991174
apriori.py,retail.txt,0.4000000000000001,43.74522736098152
apriori.py,retail.txt,0.4000000000000001,43.07735762599623
rmtid_apriori.py,retail.txt,0.4000000000000001,53.514528436004184
rmtid_apriori.py,retail.txt,0.4000000000000001,60.09137502696831
rmtid_apriori.py,retail.txt,0.4000000000000001,63.286083431972656
p_rmtid_apriori.py,retail.txt,0.4000000000000001,55.48215868603438
p_rmtid_apriori.py,retail.txt,0.4000000000000001,53.98719674895983
p_rmtid_apriori.py,retail.txt,0.4000000000000001,56.46321124205133
apriori.py,retail.txt,0.4200000000000001,44.5354241830064
apriori.py,retail.txt,0.4200000000000001,44.86606354499236
apriori.py,retail.txt,0.4200000000000001,47.4054155239719
rmtid_apriori.py,retail.txt,0.4200000000000001,55.61324733699439
rmtid_apriori.py,retail.txt,0.4200000000000001,54.86146282101981
rmtid_apriori.py,retail.txt,0.4200000000000001,54.60384553804761
p_rmtid_apriori.py,retail.txt,0.4200000000000001,55.59064491401659
p_rmtid_apriori.py,retail.txt,0.4200000000000001,54.92582008900354
p_rmtid_apriori.py,retail.txt,0.4200000000000001,53.44232682295842
apriori.py,retail.txt,0.4400000000000001,43.995935468003154
apriori.py,retail.txt,0.4400000000000001,44.418050579028204
apriori.py,retail.txt,0.4400000000000001,46.875040409038775
rmtid_apriori.py,retail.txt,0.4400000000000001,55.94895536900731
rmtid_apriori.py,retail.txt,0.4400000000000001,55.17940911400365
rmtid_apriori.py,retail.txt,0.4400000000000001,56.57182815700071
p_rmtid_apriori.py,retail.txt,0.4400000000000001,53.50574477302143
p_rmtid_apriori.py,retail.txt,0.4400000000000001,53.40316300699487
p_rmtid_apriori.py,retail.txt,0.4400000000000001,54.43697430199245
apriori.py,retail.txt,0.46000000000000013,44.47907880903222
apriori.py,retail.txt,0.46000000000000013,47.41126650199294
apriori.py,retail.txt,0.46000000000000013,44.491449828026816
rmtid_apriori.py,retail.txt,0.46000000000000013,54.52235628501512
rmtid_apriori.py,retail.txt,0.46000000000000013,57.60362699604593
rmtid_apriori.py,retail.txt,0.46000000000000013,53.624544026039075
p_rmtid_apriori.py,retail.txt,0.46000000000000013,50.747407540038694
p_rmtid_apriori.py,retail.txt,0.46000000000000013,52.109780099010095
p_rmtid_apriori.py,retail.txt,0.46000000000000013,52.006588021002244
apriori.py,retail.txt,0.48000000000000015,45.20340313704219
apriori.py,retail.txt,0.48000000000000015,42.98386338399723
apriori.py,retail.txt,0.48000000000000015,43.680073640018236
rmtid_apriori.py,retail.txt,0.48000000000000015,47.70481488201767
rmtid_apriori.py,retail.txt,0.48000000000000015,50.49802939599613
rmtid_apriori.py,retail.txt,0.48000000000000015,50.16035997797735
p_rmtid_apriori.py,retail.txt,0.48000000000000015,47.95524173299782
p_rmtid_apriori.py,retail.txt,0.48000000000000015,47.80191725899931
p_rmtid_apriori.py,retail.txt,0.48000000000000015,49.651531252020504
apriori.py,connect.txt,0.9,2285.700794516015
apriori.py,connect.txt,0.9,2301.5472119200276
apriori.py,connect.txt,0.9,2427.1073986919946
p_rmtid_apriori.py,connect.txt,0.9900000000000001,12.491419358999337
p_rmtid_apriori.py,connect.txt,0.9900000000000001,12.145559029000651
p_rmtid_apriori.py,connect.txt,0.9900000000000001,12.345713431999684
rmtid_apriori.py,connect.txt,0.9900000000000001,21.0311189310014
rmtid_apriori.py,connect.txt,0.9900000000000001,21.37315269300052
rmtid_apriori.py,connect.txt,0.9900000000000001,19.698336523999387
apriori.py,connect.txt,0.9900000000000001,9.285025592000238
apriori.py,connect.txt,0.9900000000000001,9.210559857001499
apriori.py,connect.txt,0.9900000000000001,10.668582119998973
p_rmtid_apriori.py,connect.txt,0.9800000000000001,16.819542720000754
p_rmtid_apriori.py,connect.txt,0.9800000000000001,16.916971099000875
p_rmtid_apriori.py,connect.txt,0.9800000000000001,17.361403414999586
rmtid_apriori.py,connect.txt,0.9800000000000001,39.27447182200012
rmtid_apriori.py,connect.txt,0.9800000000000001,36.83142568999938
rmtid_apriori.py,connect.txt,0.9800000000000001,35.779702096999245
apriori.py,connect.txt,0.9800000000000001,18.862638865000918
apriori.py,connect.txt,0.9800000000000001,19.426546062999478
apriori.py,connect.txt,0.9800000000000001,18.85929693199978
p_rmtid_apriori.py,connect.txt,0.9700000000000001,21.54379862999849
p_rmtid_apriori.py,connect.txt,0.9700000000000001,21.458077272000082
p_rmtid_apriori.py,connect.txt,0.9700000000000001,22.44011136500012
rmtid_apriori.py,connect.txt,0.9700000000000001,53.90791845599961
rmtid_apriori.py,connect.txt,0.9700000000000001,50.803390286999274
rmtid_apriori.py,connect.txt,0.9700000000000001,51.00374456899954
apriori.py,connect.txt,0.9700000000000001,30.17829165100011
apriori.py,connect.txt,0.9700000000000001,31.164630000001125
apriori.py,connect.txt,0.9700000000000001,31.325447395000083
p_rmtid_apriori.py,connect.txt,0.9600000000000001,32.67877020800006
p_rmtid_apriori.py,connect.txt,0.9600000000000001,33.20802286199978
p_rmtid_apriori.py,connect.txt,0.9600000000000001,35.32235445799961
rmtid_apriori.py,connect.txt,0.9600000000000001,90.885665582
rmtid_apriori.py,connect.txt,0.9600000000000001,85.77331498100102
rmtid_apriori.py,connect.txt,0.9600000000000001,85.21969258399986
apriori.py,connect.txt,0.9600000000000001,60.75637110400203
apriori.py,connect.txt,0.9600000000000001,61.304458408001665
apriori.py,connect.txt,0.9600000000000001,60.45466228300211
p_rmtid_apriori.py,connect.txt,0.9500000000000001,67.68645718799962
p_rmtid_apriori.py,connect.txt,0.9500000000000001,73.40406552000059
p_rmtid_apriori.py,connect.txt,0.9500000000000001,76.73880110999744
rmtid_apriori.py,connect.txt,0.9500000000000001,191.76459586299825
rmtid_apriori.py,connect.txt,0.9500000000000001,183.39778158699846
rmtid_apriori.py,connect.txt,0.9500000000000001,182.66442282700154
apriori.py,connect.txt,0.9500000000000001,157.04095987300025
apriori.py,connect.txt,0.9500000000000001,156.74462668400156
apriori.py,connect.txt,0.9500000000000001,157.07721623900215
p_rmtid_apriori.py,connect.txt,0.9400000000000001,150.77580448699882
p_rmtid_apriori.py,connect.txt,0.9400000000000001,158.09181812500174
p_rmtid_apriori.py,connect.txt,0.9400000000000001,157.58177773900024
rmtid_apriori.py,connect.txt,0.9400000000000001,390.70512898000015
rmtid_apriori.py,connect.txt,0.9400000000000001,379.055879132
rmtid_apriori.py,connect.txt,0.9400000000000001,394.8008647489987
apriori.py,connect.txt,0.9400000000000001,340.571751882002
apriori.py,connect.txt,0.9400000000000001,335.57259302700186
apriori.py,connect.txt,0.9400000000000001,336.1070791710008
rmtid_apriori.py,connect.txt,0.9,2449.874488283007
rmtid_apriori.py,connect.txt,0.9,2356.221779171028
rmtid_apriori.py,connect.txt,0.9,2284.3954549999908
p_rmtid_apriori.py,connect.txt,0.93,269.2420590540023
p_rmtid_apriori.py,connect.txt,0.93,285.7329489449985
p_rmtid_apriori.py,connect.txt,0.93,282.85724356799983
rmtid_apriori.py,connect.txt,0.93,714.4532346570013
rmtid_apriori.py,connect.txt,0.93,708.9585444559998
rmtid_apriori.py,connect.txt,0.93,711.8777946299997
p_rmtid_apriori.py,connect.txt,0.9,959.3406645130017
p_rmtid_apriori.py,connect.txt,0.9,954.2178727670107
p_rmtid_apriori.py,connect.txt,0.9,954.5125663669896
apriori.py,connect.txt,0.93,650.1295466570009
apriori.py,connect.txt,0.93,650.5955861129987
apriori.py,connect.txt,0.93,664.885598148001
p_rmtid_apriori.py,connect.txt,0.92,433.8036379360019
p_rmtid_apriori.py,connect.txt,0.92,438.7059147430009
p_rmtid_apriori.py,connect.txt,0.92,444.4892106130028
apriori.py,connect.txt,0.91,1348.581424937991
apriori.py,connect.txt,0.91,1352.515849101008
apriori.py,connect.txt,0.91,1345.6967282389523
rmtid_apriori.py,connect.txt,0.92,1156.4666042919998
rmtid_apriori.py,connect.txt,0.92,1165.532048055
rmtid_apriori.py,connect.txt,0.92,1157.564015647
rmtid_apriori.py,connect.txt,0.91,1442.827746721974
rmtid_apriori.py,connect.txt,0.91,1435.364773214038
rmtid_apriori.py,connect.txt,0.91,1432.9104861179949
apriori.py,connect.txt,0.92,1057.3209490459994
apriori.py,connect.txt,0.92,1077.6906242250006
apriori.py,connect.txt,0.92,1095.3877283899965
p_rmtid_apriori.py,connect.txt,0.91,625.8951301549678
p_rmtid_apriori.py,connect.txt,0.91,625.3069467479945
p_rmtid_apriori.py,connect.txt,0.91,629.0292513269815
p_rmtid_apriori.py,connect.txt,0.91,664.5414461719993
p_rmtid_apriori.py,connect.txt,0.91,674.6641842860045
p_rmtid_apriori.py,connect.txt,0.91,665.136343047001
apriori.py,connect.txt,0.92,827.9527204729966
apriori.py,connect.txt,0.92,814.8929878890049
apriori.py,connect.txt,0.92,831.4269148919848
rmtid_apriori.py,connect.txt,0.92,918.1489247460268
rmtid_apriori.py,connect.txt,0.92,918.3573616340291
rmtid_apriori.py,connect.txt,0.92,904.4489254410146
p_rmtid_apriori.py,connect.txt,0.92,407.31454555597156
p_rmtid_apriori.py,connect.txt,0.92,405.12788633897435
p_rmtid_apriori.py,connect.txt,0.92,404.52342737000436
rmtid_apriori.py,connect.txt,0.91,1815.6116115380064
rmtid_apriori.py,connect.txt,0.91,1810.196890488005
rmtid_apriori.py,connect.txt,0.91,1776.001434121994
apriori.py,connect.txt,0.93,489.9428935459582
apriori.py,connect.txt,0.93,494.3489699269994
apriori.py,connect.txt,0.93,506.4062729389989
rmtid_apriori.py,connect.txt,0.93,576.6619324010098
rmtid_apriori.py,connect.txt,0.93,553.2630312700057
rmtid_apriori.py,connect.txt,0.93,552.0052141529741
p_rmtid_apriori.py,connect.txt,0.93,258.33114980196115
p_rmtid_apriori.py,connect.txt,0.93,260.81711578997783
p_rmtid_apriori.py,connect.txt,0.93,257.9372837280389
apriori.py,connect.txt,0.9400000000000001,236.61299704102566
apriori.py,connect.txt,0.9400000000000001,237.91658292000648
apriori.py,connect.txt,0.9400000000000001,236.39231907000067
apriori.py,connect.txt,0.91,1694.7178174749934
apriori.py,connect.txt,0.91,1711.3177952379992
apriori.py,connect.txt,0.91,1708.0148284379975
rmtid_apriori.py,connect.txt,0.9400000000000001,281.77258192101726
rmtid_apriori.py,connect.txt,0.9400000000000001,277.78697747102706
rmtid_apriori.py,connect.txt,0.9400000000000001,285.77430825599004
p_rmtid_apriori.py,connect.txt,0.9400000000000001,140.74608406599145
p_rmtid_apriori.py,connect.txt,0.9400000000000001,140.27777258201968
p_rmtid_apriori.py,connect.txt,0.9400000000000001,139.77386198501335
apriori.py,connect.txt,0.9500000000000001,98.38605605799239
apriori.py,connect.txt,0.9500000000000001,98.39680611301446
apriori.py,connect.txt,0.9500000000000001,97.57658259698655
rmtid_apriori.py,connect.txt,0.9500000000000001,127.36028546199668
rmtid_apriori.py,connect.txt,0.9500000000000001,126.39046089095064
rmtid_apriori.py,connect.txt,0.9500000000000001,126.22321768000256
p_rmtid_apriori.py,connect.txt,0.9500000000000001,67.72666999103967
p_rmtid_apriori.py,connect.txt,0.9500000000000001,68.21288516803179
p_rmtid_apriori.py,connect.txt,0.9500000000000001,67.66315181000391
apriori.py,connect.txt,0.9600000000000001,38.46206303400686
apriori.py,connect.txt,0.9600000000000001,37.87735329702264
apriori.py,connect.txt,0.9600000000000001,38.21111541998107
rmtid_apriori.py,connect.txt,0.9600000000000001,61.18699552299222
rmtid_apriori.py,connect.txt,0.9600000000000001,60.96131383802276
rmtid_apriori.py,connect.txt,0.9600000000000001,60.547746239986736
p_rmtid_apriori.py,connect.txt,0.9600000000000001,32.14782589796232
p_rmtid_apriori.py,connect.txt,0.9600000000000001,31.674836840014905
p_rmtid_apriori.py,connect.txt,0.9600000000000001,31.67154249898158
apriori.py,connect.txt,0.9700000000000001,19.164889910025522
apriori.py,connect.txt,0.9700000000000001,18.856717750022653
apriori.py,connect.txt,0.9700000000000001,18.99730841902783
rmtid_apriori.py,connect.txt,0.9700000000000001,38.00315883901203
rmtid_apriori.py,connect.txt,0.9700000000000001,37.72033166105393
rmtid_apriori.py,connect.txt,0.9700000000000001,37.52969272900373
p_rmtid_apriori.py,connect.txt,0.9700000000000001,20.104993715009186
p_rmtid_apriori.py,connect.txt,0.9700000000000001,19.820465767988935
p_rmtid_apriori.py,connect.txt,0.9700000000000001,19.959071238990873
apriori.py,connect.txt,0.9800000000000001,11.351874393993057
apriori.py,connect.txt,0.9800000000000001,11.382829862996005
apriori.py,connect.txt,0.9800000000000001,11.204760772990994
rmtid_apriori.py,connect.txt,0.9800000000000001,27.297563313972205
rmtid_apriori.py,connect.txt,0.9800000000000001,26.966119527001865
rmtid_apriori.py,connect.txt,0.9800000000000001,27.12596090103034
p_rmtid_apriori.py,connect.txt,0.9800000000000001,14.704495363985188
p_rmtid_apriori.py,connect.txt,0.9800000000000001,14.79865577199962
p_rmtid_apriori.py,connect.txt,0.9800000000000001,14.656539487012196
apriori.py,connect.txt,0.9900000000000001,5.456433382991236
apriori.py,connect.txt,0.9900000000000001,5.274049982021097
apriori.py,connect.txt,0.9900000000000001,5.238014082016889
rmtid_apriori.py,connect.txt,0.9900000000000001,14.751535607967526
rmtid_apriori.py,connect.txt,0.9900000000000001,14.514790209010243
rmtid_apriori.py,connect.txt,0.9900000000000001,14.498249477997888
p_rmtid_apriori.py,connect.txt,0.9900000000000001,8.54637381399516
p_rmtid_apriori.py,connect.txt,0.9900000000000001,8.512548538972624
p_rmtid_apriori.py,connect.txt,0.9900000000000001,8.440860237984452
p_rmtid_apriori.py,connect.txt,0.9,1040.6946996540064
p_rmtid_apriori.py,connect.txt,0.9,1051.1807764319965
p_rmtid_apriori.py,connect.txt,0.9,1017.7671930039942
p_rmtid_apriori.py,1k5L.txt,0.05750000000000001,0.15549770899815485
p_rmtid_apriori.py,1k5L.txt,0.05750000000000001,0.1274168509989977
p_rmtid_apriori.py,1k5L.txt,0.05750000000000001,0.14694270799373044
rmtid_apriori.py,1k5L.txt,0.05750000000000001,0.12010097999882419
rmtid_apriori.py,1k5L.txt,0.05750000000000001,0.11435498199716676
rmtid_apriori.py,1k5L.txt,0.05750000000000001,0.12430849100201158
apriori.py,1k5L.txt,0.05750000000000001,0.11003291700035334
apriori.py,1k5L.txt,0.05750000000000001,0.1300262639997527
apriori.py,1k5L.txt,0.05750000000000001,0.10752944400155684
p_rmtid_apriori.py,1k5L.txt,0.055000000000000014,0.147630895000475
p_rmtid_apriori.py,1k5L.txt,0.055000000000000014,0.1343677530021523
p_rmtid_apriori.py,1k5L.txt,0.055000000000000014,0.1253534400020726
rmtid_apriori.py,1k5L.txt,0.055000000000000014,0.11053269999683835
rmtid_apriori.py,1k5L.txt,0.055000000000000014,0.12325541699829046
rmtid_apriori.py,1k5L.txt,0.055000000000000014,0.12011773300037021
apriori.py,1k5L.txt,0.055000000000000014,0.11331875600444619
apriori.py,1k5L.txt,0.055000000000000014,0.12362528499943437
apriori.py,1k5L.txt,0.055000000000000014,0.10781067300558789
p_rmtid_apriori.py,1k5L.txt,0.05250000000000001,0.14587764200405218
p_rmtid_apriori.py,1k5L.txt,0.05250000000000001,0.13704038700234378
p_rmtid_apriori.py,1k5L.txt,0.05250000000000001,0.12535683699388755
rmtid_apriori.py,1k5L.txt,0.05250000000000001,0.1090649210018455
rmtid_apriori.py,1k5L.txt,0.05250000000000001,0.12427860900061205
rmtid_apriori.py,1k5L.txt,0.05250000000000001,0.1095482210002956
apriori.py,1k5L.txt,0.05250000000000001,0.12068735800130526
apriori.py,1k5L.txt,0.05250000000000001,0.11225229499541456
apriori.py,1k5L.txt,0.05250000000000001,0.12428128699684748
p_rmtid_apriori.py,1k5L.txt,0.05000000000000001,0.14059668399568181
p_rmtid_apriori.py,1k5L.txt,0.05000000000000001,0.14525960600440158
p_rmtid_apriori.py,1k5L.txt,0.05000000000000001,0.12817693899705773
rmtid_apriori.py,1k5L.txt,0.05000000000000001,0.11311133900017012
rmtid_apriori.py,1k5L.txt,0.05000000000000001,0.12726891499914927
rmtid_apriori.py,1k5L.txt,0.05000000000000001,0.11272064900549594
apriori.py,1k5L.txt,0.05000000000000001,0.10846303700236604
apriori.py,1k5L.txt,0.05000000000000001,0.12570619400503347
apriori.py,1k5L.txt,0.05000000000000001,0.10901135799940675
p_rmtid_apriori.py,1k5L.txt,0.04750000000000001,0.12898043700261042
p_rmtid_apriori.py,1k5L.txt,0.04750000000000001,0.1315951220021816
p_rmtid_apriori.py,1k5L.txt,0.04750000000000001,0.12723305099643767
rmtid_apriori.py,1k5L.txt,0.04750000000000001,0.1309880959961447
rmtid_apriori.py,1k5L.txt,0.04750000000000001,0.11294156000076327
rmtid_apriori.py,1k5L.txt,0.04750000000000001,0.11797953999484889
apriori.py,1k5L.txt,0.04750000000000001,0.11377507999713998
apriori.py,1k5L.txt,0.04750000000000001,0.10882782800035784
apriori.py,1k5L.txt,0.04750000000000001,0.10481104099744698
p_rmtid_apriori.py,1k5L.txt,0.045000000000000005,0.13076175899914233
p_rmtid_apriori.py,1k5L.txt,0.045000000000000005,0.1356429970037425
p_rmtid_apriori.py,1k5L.txt,0.045000000000000005,0.14530886799911968
rmtid_apriori.py,1k5L.txt,0.045000000000000005,0.11443040300218854
rmtid_apriori.py,1k5L.txt,0.045000000000000005,0.10857153499819105
rmtid_apriori.py,1k5L.txt,0.045000000000000005,0.12610310700256377
apriori.py,1k5L.txt,0.045000000000000005,0.11166708399832714
apriori.py,1k5L.txt,0.045000000000000005,0.1083885010011727
apriori.py,1k5L.txt,0.045000000000000005,0.12455303599563194
p_rmtid_apriori.py,1k5L.txt,0.04250000000000001,0.13806448499963153
p_rmtid_apriori.py,1k5L.txt,0.04250000000000001,0.13248165199911455
p_rmtid_apriori.py,1k5L.txt,0.04250000000000001,0.1251910310020321
rmtid_apriori.py,1k5L.txt,0.04250000000000001,0.12384896200092044
rmtid_apriori.py,1k5L.txt,0.04250000000000001,0.11320196899760049
rmtid_apriori.py,1k5L.txt,0.04250000000000001,0.11533980700187385
apriori.py,1k5L.txt,0.04250000000000001,0.11034990000189282
apriori.py,1k5L.txt,0.04250000000000001,0.10990894900169224
apriori.py,1k5L.txt,0.04250000000000001,0.12335906000225805
p_rmtid_apriori.py,1k5L.txt,0.04000000000000001,0.13506518500071252
p_rmtid_apriori.py,1k5L.txt,0.04000000000000001,0.14560791099938797
p_rmtid_apriori.py,1k5L.txt,0.04000000000000001,0.12825160499778576
rmtid_apriori.py,1k5L.txt,0.04000000000000001,0.1191383900004439
rmtid_apriori.py,1k5L.txt,0.04000000000000001,0.12320286800240865
rmtid_apriori.py,1k5L.txt,0.04000000000000001,0.11121057900163578
apriori.py,1k5L.txt,0.04000000000000001,0.11260969599970849
apriori.py,1k5L.txt,0.04000000000000001,0.1096426549993339
apriori.py,1k5L.txt,0.04000000000000001,0.11408845400001155
p_rmtid_apriori.py,1k5L.txt,0.037500000000000006,0.1305171900021378
p_rmtid_apriori.py,1k5L.txt,0.037500000000000006,0.14447421599470545
p_rmtid_apriori.py,1k5L.txt,0.037500000000000006,0.13942966600006912
rmtid_apriori.py,1k5L.txt,0.037500000000000006,0.11380250100046396
rmtid_apriori.py,1k5L.txt,0.037500000000000006,0.11469392300205072
rmtid_apriori.py,1k5L.txt,0.037500000000000006,0.10876055599510437
apriori.py,1k5L.txt,0.037500000000000006,0.11208927199913887
apriori.py,1k5L.txt,0.037500000000000006,0.1245168579989695
apriori.py,1k5L.txt,0.037500000000000006,0.12604156599991256
p_rmtid_apriori.py,1k5L.txt,0.035,0.26084310399892274
p_rmtid_apriori.py,1k5L.txt,0.035,0.2602916579999146
p_rmtid_apriori.py,1k5L.txt,0.035,0.24838300800183788
rmtid_apriori.py,1k5L.txt,0.035,0.16697916600242024
rmtid_apriori.py,1k5L.txt,0.035,0.16730029699829174
rmtid_apriori.py,1k5L.txt,0.035,0.16489944999921136
apriori.py,1k5L.txt,0.035,0.1319506630024989
apriori.py,1k5L.txt,0.035,0.11530786200455623
apriori.py,1k5L.txt,0.035,0.13599826300196582
p_rmtid_apriori.py,1k5L.txt,0.03250000000000001,0.2503731520046131
p_rmtid_apriori.py,1k5L.txt,0.03250000000000001,0.2648627450034837
p_rmtid_apriori.py,1k5L.txt,0.03250000000000001,0.2560003160033375
rmtid_apriori.py,1k5L.txt,0.03250000000000001,0.17521228000259725
rmtid_apriori.py,1k5L.txt,0.03250000000000001,0.17510846899676835
rmtid_apriori.py,1k5L.txt,0.03250000000000001,0.16458821299602278
apriori.py,1k5L.txt,0.03250000000000001,0.13595819599868264
apriori.py,1k5L.txt,0.03250000000000001,0.11607870800071396
apriori.py,1k5L.txt,0.03250000000000001,0.11376714899961371
p_rmtid_apriori.py,1k5L.txt,0.030000000000000006,0.2576704930033884
p_rmtid_apriori.py,1k5L.txt,0.030000000000000006,0.25677383699803613
p_rmtid_apriori.py,1k5L.txt,0.030000000000000006,0.2728772150003351
rmtid_apriori.py,1k5L.txt,0.030000000000000006,0.166840311998385
rmtid_apriori.py,1k5L.txt,0.030000000000000006,0.19442039800196653
rmtid_apriori.py,1k5L.txt,0.030000000000000006,0.19371099500131095
apriori.py,1k5L.txt,0.030000000000000006,0.13798883200070122
apriori.py,1k5L.txt,0.030000000000000006,0.11859791299502831
apriori.py,1k5L.txt,0.030000000000000006,0.12121291799849132
p_rmtid_apriori.py,1k5L.txt,0.027500000000000004,0.2613379399990663
p_rmtid_apriori.py,1k5L.txt,0.027500000000000004,0.2553143769982853
p_rmtid_apriori.py,1k5L.txt,0.027500000000000004,0.2549384989979444
rmtid_apriori.py,1k5L.txt,0.027500000000000004,0.1795552109979326
rmtid_apriori.py,1k5L.txt,0.027500000000000004,0.173760008001409
rmtid_apriori.py,1k5L.txt,0.027500000000000004,0.17705613900034223
apriori.py,1k5L.txt,0.027500000000000004,0.13907500600180356
apriori.py,1k5L.txt,0.027500000000000004,0.1422887709995848
apriori.py,1k5L.txt,0.027500000000000004,0.14474587899894686
p_rmtid_apriori.py,1k5L.txt,0.025,0.2628025259982678
p_rmtid_apriori.py,1k5L.txt,0.025,0.2697868600007496
p_rmtid_apriori.py,1k5L.txt,0.025,0.27260424999985844
rmtid_apriori.py,1k5L.txt,0.025,0.18848855100077344
rmtid_apriori.py,1k5L.txt,0.025,0.18993555999622913
rmtid_apriori.py,1k5L.txt,0.025,0.18147048999526305
apriori.py,1k5L.txt,0.025,0.15320905899716308
apriori.py,1k5L.txt,0.025,0.13753871899825754
apriori.py,1k5L.txt,0.025,0.13433935699868016
p_rmtid_apriori.py,1k5L.txt,0.022500000000000003,0.2649311310015037
p_rmtid_apriori.py,1k5L.txt,0.022500000000000003,0.266463448999275
p_rmtid_apriori.py,1k5L.txt,0.022500000000000003,0.2661240680026822
rmtid_apriori.py,1k5L.txt,0.022500000000000003,0.21315197099465877
rmtid_apriori.py,1k5L.txt,0.022500000000000003,0.2345740820019273
rmtid_apriori.py,1k5L.txt,0.022500000000000003,0.2164516119955806
apriori.py,1k5L.txt,0.022500000000000003,0.1556438010011334
apriori.py,1k5L.txt,0.022500000000000003,0.15270355500251753
apriori.py,1k5L.txt,0.022500000000000003,0.14966394300427055
p_rmtid_apriori.py,1k5L.txt,0.020000000000000004,0.26593769299506675
p_rmtid_apriori.py,1k5L.txt,0.020000000000000004,0.26555237799766473
p_rmtid_apriori.py,1k5L.txt,0.020000000000000004,0.2753386920012417
rmtid_apriori.py,1k5L.txt,0.020000000000000004,0.23298355499719037
rmtid_apriori.py,1k5L.txt,0.020000000000000004,0.25600274199678097
rmtid_apriori.py,1k5L.txt,0.020000000000000004,0.2662961929963785
apriori.py,1k5L.txt,0.020000000000000004,0.17856052400020417
apriori.py,1k5L.txt,0.020000000000000004,0.20306553899717983
apriori.py,1k5L.txt,0.020000000000000004,0.17680724499950884
p_rmtid_apriori.py,1k5L.txt,0.0175,0.37098204500216525
p_rmtid_apriori.py,1k5L.txt,0.0175,0.3665459639960318
p_rmtid_apriori.py,1k5L.txt,0.0175,0.3666865970008075
rmtid_apriori.py,1k5L.txt,0.0175,0.35591763599950355
rmtid_apriori.py,1k5L.txt,0.0175,0.4222073329947307
rmtid_apriori.py,1k5L.txt,0.0175,0.4074483909935225
apriori.py,1k5L.txt,0.0175,0.30583968100108905
apriori.py,1k5L.txt,0.0175,0.3436243039977853
apriori.py,1k5L.txt,0.0175,0.3085833239965723
p_rmtid_apriori.py,1k5L.txt,0.015000000000000001,0.47350039800221566
p_rmtid_apriori.py,1k5L.txt,0.015000000000000001,0.4731163789983839
p_rmtid_apriori.py,1k5L.txt,0.015000000000000001,0.5798469689980266
rmtid_apriori.py,1k5L.txt,0.015000000000000001,0.6543995909960358
rmtid_apriori.py,1k5L.txt,0.015000000000000001,0.5590752319985768
rmtid_apriori.py,1k5L.txt,0.015000000000000001,0.5426899989979574
apriori.py,1k5L.txt,0.015000000000000001,0.5359404580012779
apriori.py,1k5L.txt,0.015000000000000001,0.5233809040000779
apriori.py,1k5L.txt,0.015000000000000001,0.484312004999083
p_rmtid_apriori.py,1k5L.txt,0.0125,0.9227168419965892
p_rmtid_apriori.py,1k5L.txt,0.0125,0.9258509080027579
p_rmtid_apriori.py,1k5L.txt,0.0125,0.8876129330019467
rmtid_apriori.py,1k5L.txt,0.0125,1.0673172730021179
rmtid_apriori.py,1k5L.txt,0.0125,1.1172922009936883
rmtid_apriori.py,1k5L.txt,0.0125,1.1423749739988125
apriori.py,1k5L.txt,0.0125,0.9587275659941952
apriori.py,1k5L.txt,0.0125,0.9630207509981119
apriori.py,1k5L.txt,0.0125,0.9796269750004285
p_rmtid_apriori.py,1k5L.txt,0.01,1.8400986220003688
p_rmtid_apriori.py,1k5L.txt,0.01,1.8071240429999307
p_rmtid_apriori.py,1k5L.txt,0.01,1.8870371709999745
rmtid_apriori.py,1k5L.txt,0.01,2.8463616890003323
rmtid_apriori.py,1k5L.txt,0.01,2.613163332003751
rmtid_apriori.py,1k5L.txt,0.01,2.824498935995507
apriori.py,1k5L.txt,0.01,2.5276653440014343
apriori.py,1k5L.txt,0.01,2.532533915997192
apriori.py,1k5L.txt,0.01,2.5080319170010625
p_rmtid_apriori.py,retail.txt,0.9750000000000004,49.345221187977586
p_rmtid_apriori.py,retail.txt,0.9750000000000004,47.3267797799781
p_rmtid_apriori.py,retail.txt,0.9750000000000004,47.231690527987666
rmtid_apriori.py,retail.txt,0.9750000000000004,48.64357467199443
rmtid_apriori.py,retail.txt,0.9750000000000004,49.4237983560306
rmtid_apriori.py,retail.txt,0.9750000000000004,47.67273120797472
apriori.py,retail.txt,0.9750000000000004,41.931642644049134
apriori.py,retail.txt,0.9750000000000004,43.34381477400893
apriori.py,retail.txt,0.9750000000000004,43.78159842797322
p_rmtid_apriori.py,retail.txt,0.9500000000000004,48.003713291021995
p_rmtid_apriori.py,retail.txt,0.9500000000000004,48.03680753603112
p_rmtid_apriori.py,retail.txt,0.9500000000000004,46.94778272998519
rmtid_apriori.py,retail.txt,0.9500000000000004,50.64596573100425
rmtid_apriori.py,retail.txt,0.9500000000000004,46.82516918500187
rmtid_apriori.py,retail.txt,0.9500000000000004,45.894126521016005
apriori.py,retail.txt,0.9500000000000004,42.22983674204443
apriori.py,retail.txt,0.9500000000000004,42.096863792976364
apriori.py,retail.txt,0.9500000000000004,42.57634236803278
p_rmtid_apriori.py,retail.txt,0.9250000000000004,48.79015299800085
p_rmtid_apriori.py,retail.txt,0.9250000000000004,51.27626896498259
p_rmtid_apriori.py,retail.txt,0.9250000000000004,47.093811747967266
rmtid_apriori.py,retail.txt,0.9250000000000004,46.47254485799931
rmtid_apriori.py,retail.txt,0.9250000000000004,49.30053580692038
rmtid_apriori.py,retail.txt,0.9250000000000004,46.412912952015176
apriori.py,retail.txt,0.9250000000000004,43.579815890057944
apriori.py,retail.txt,0.9250000000000004,43.38258111895993
apriori.py,retail.txt,0.9250000000000004,43.17197317501996
p_rmtid_apriori.py,retail.txt,0.9000000000000004,49.64583302207757
p_rmtid_apriori.py,retail.txt,0.9000000000000004,47.58558308298234
p_rmtid_apriori.py,retail.txt,0.9000000000000004,47.98038614098914
rmtid_apriori.py,connect.txt,0.9,2732.191057917
rmtid_apriori.py,connect.txt,0.9,2709.355303653996
rmtid_apriori.py,connect.txt,0.9,2788.827672145002
rmtid_apriori.py,retail.txt,0.9000000000000004,49.55355320603121
rmtid_apriori.py,retail.txt,0.9000000000000004,50.401578717981465
rmtid_apriori.py,retail.txt,0.9000000000000004,56.326072816038504
apriori.py,retail.txt,0.9000000000000004,42.698876813054085
apriori.py,retail.txt,0.9000000000000004,44.27094037400093
apriori.py,retail.txt,0.9000000000000004,44.93861110997386
p_rmtid_apriori.py,retail.txt,0.8750000000000003,45.54033041198272
p_rmtid_apriori.py,retail.txt,0.8750000000000003,54.38063216698356
p_rmtid_apriori.py,retail.txt,0.8750000000000003,55.19330915808678
rmtid_apriori.py,retail.txt,0.8750000000000003,49.78734628704842
rmtid_apriori.py,retail.txt,0.8750000000000003,55.58766909397673
rmtid_apriori.py,retail.txt,0.8750000000000003,51.72841274901293
apriori.py,retail.txt,0.8750000000000003,46.00499119597953
apriori.py,retail.txt,0.8750000000000003,42.90889912005514
apriori.py,retail.txt,0.8750000000000003,43.53319232398644
p_rmtid_apriori.py,retail.txt,0.8500000000000003,51.64450343500357
p_rmtid_apriori.py,retail.txt,0.8500000000000003,49.81194379890803
p_rmtid_apriori.py,retail.txt,0.8500000000000003,48.07727896596771
rmtid_apriori.py,retail.txt,0.8500000000000003,51.31955202505924
rmtid_apriori.py,retail.txt,0.8500000000000003,47.07623394590337
rmtid_apriori.py,retail.txt,0.8500000000000003,48.763688970007934
apriori.py,retail.txt,0.8500000000000003,45.98226734797936
apriori.py,retail.txt,0.8500000000000003,45.30294550396502
apriori.py,retail.txt,0.8500000000000003,46.38739539904054
p_rmtid_apriori.py,retail.txt,0.8250000000000003,51.438924749032594
p_rmtid_apriori.py,retail.txt,0.8250000000000003,49.234696392086335
p_rmtid_apriori.py,retail.txt,0.8250000000000003,45.914093254017644
rmtid_apriori.py,retail.txt,0.8250000000000003,45.63236018305179
rmtid_apriori.py,retail.txt,0.8250000000000003,46.47749629500322
rmtid_apriori.py,retail.txt,0.8250000000000003,45.6610687749926
apriori.py,retail.txt,0.8250000000000003,41.874069840996526
apriori.py,retail.txt,0.8250000000000003,42.22699839598499
apriori.py,retail.txt,0.8250000000000003,41.81325834104791
p_rmtid_apriori.py,retail.txt,0.8000000000000003,45.273583958041854
p_rmtid_apriori.py,retail.txt,0.8000000000000003,45.37821045005694
p_rmtid_apriori.py,retail.txt,0.8000000000000003,45.8571810630383
rmtid_apriori.py,retail.txt,0.8000000000000003,49.473865943960845
rmtid_apriori.py,retail.txt,0.8000000000000003,45.423835983965546
rmtid_apriori.py,retail.txt,0.8000000000000003,46.18496048694942
apriori.py,retail.txt,0.8000000000000003,42.00954572495539
apriori.py,retail.txt,0.8000000000000003,42.277431361959316
apriori.py,retail.txt,0.8000000000000003,42.21017137495801
p_rmtid_apriori.py,retail.txt,0.7750000000000002,45.191230357973836
p_rmtid_apriori.py,retail.txt,0.7750000000000002,46.50727311405353
p_rmtid_apriori.py,retail.txt,0.7750000000000002,60.93834895500913
rmtid_apriori.py,retail.txt,0.7750000000000002,84.92175108392257
rmtid_apriori.py,retail.txt,0.7750000000000002,86.05556452192832
rmtid_apriori.py,retail.txt,0.7750000000000002,79.5833077399293
apriori.py,retail.txt,0.7750000000000002,58.17628141702153
apriori.py,retail.txt,0.7750000000000002,60.13645244494546
apriori.py,retail.txt,0.7750000000000002,64.75753955205437
p_rmtid_apriori.py,retail.txt,0.7500000000000002,99.73537482495885
p_rmtid_apriori.py,retail.txt,0.7500000000000002,85.2210254779784
p_rmtid_apriori.py,retail.txt,0.7500000000000002,80.3497170789633
rmtid_apriori.py,retail.txt,0.7500000000000002,72.63827383401804
rmtid_apriori.py,retail.txt,0.7500000000000002,70.15820829407312
rmtid_apriori.py,retail.txt,0.7500000000000002,70.20011692796834
apriori.py,retail.txt,0.7500000000000002,53.77783775795251
apriori.py,retail.txt,0.7500000000000002,53.34613548708148
apriori.py,retail.txt,0.7500000000000002,55.110081001068465
p_rmtid_apriori.py,retail.txt,0.7250000000000002,66.4947562420275
p_rmtid_apriori.py,retail.txt,0.7250000000000002,62.45648848905694
p_rmtid_apriori.py,retail.txt,0.7250000000000002,67.30301298503764
rmtid_apriori.py,retail.txt,0.7250000000000002,82.13003257405944
rmtid_apriori.py,retail.txt,0.7250000000000002,87.95099443302024
rmtid_apriori.py,retail.txt,0.7250000000000002,93.95694051799364
apriori.py,retail.txt,0.7250000000000002,48.33146420598496
apriori.py,retail.txt,0.7250000000000002,50.1580568960635
apriori.py,retail.txt,0.7250000000000002,48.10708823800087
p_rmtid_apriori.py,retail.txt,0.7000000000000002,66.04455685196444
p_rmtid_apriori.py,retail.txt,0.7000000000000002,59.36888298089616
p_rmtid_apriori.py,retail.txt,0.7000000000000002,60.25824008299969
rmtid_apriori.py,retail.txt,0.7000000000000002,59.75165949505754
rmtid_apriori.py,retail.txt,0.7000000000000002,58.27736290497705
rmtid_apriori.py,retail.txt,0.7000000000000002,58.67271944205277
apriori.py,retail.txt,0.7000000000000002,48.64051263802685
apriori.py,retail.txt,0.7000000000000002,50.54439471603837
apriori.py,retail.txt,0.7000000000000002,48.31951537495479
p_rmtid_apriori.py,retail.txt,0.6750000000000002,59.65463342994917
p_rmtid_apriori.py,retail.txt,0.6750000000000002,63.22398690204136
p_rmtid_apriori.py,retail.txt,0.6750000000000002,67.7098329779692
rmtid_apriori.py,retail.txt,0.6750000000000002,75.04327175091021
rmtid_apriori.py,retail.txt,0.6750000000000002,92.8147191409953
rmtid_apriori.py,retail.txt,0.6750000000000002,91.50141622195952
apriori.py,retail.txt,0.6750000000000002,61.66490594903007
apriori.py,retail.txt,0.6750000000000002,61.70724261808209
apriori.py,retail.txt,0.6750000000000002,82.79393836401869
p_rmtid_apriori.py,retail.txt,0.6500000000000001,133.79448888404295
p_rmtid_apriori.py,retail.txt,0.6500000000000001,123.6896223500371
p_rmtid_apriori.py,retail.txt,0.6500000000000001,83.56782972207293
rmtid_apriori.py,retail.txt,0.6500000000000001,109.8247568430379
rmtid_apriori.py,retail.txt,0.6500000000000001,118.5371993429726
rmtid_apriori.py,retail.txt,0.6500000000000001,141.2309828309808
apriori.py,retail.txt,0.6500000000000001,74.09908170101698
apriori.py,retail.txt,0.6500000000000001,64.75158001098316
apriori.py,retail.txt,0.6500000000000001,67.08218567201402
p_rmtid_apriori.py,retail.txt,0.6250000000000001,95.07048364693765
p_rmtid_apriori.py,retail.txt,0.6250000000000001,106.69057343201712
p_rmtid_apriori.py,retail.txt,0.6250000000000001,108.11341166496277
rmtid_apriori.py,retail.txt,0.6250000000000001,67.9068013029173
rmtid_apriori.py,retail.txt,0.6250000000000001,98.77389325608965
rmtid_apriori.py,retail.txt,0.6250000000000001,79.1790706589818
apriori.py,retail.txt,0.6250000000000001,56.275046308059245
apriori.py,retail.txt,0.6250000000000001,51.34214985300787
apriori.py,retail.txt,0.6250000000000001,66.62566976004746
p_rmtid_apriori.py,retail.txt,0.6000000000000001,79.91299673402682
p_rmtid_apriori.py,retail.txt,0.6000000000000001,78.10329003701918
p_rmtid_apriori.py,retail.txt,0.6000000000000001,91.68544902210124
rmtid_apriori.py,retail.txt,0.6000000000000001,80.43421076308005
rmtid_apriori.py,retail.txt,0.6000000000000001,95.3116623259848
rmtid_apriori.py,retail.txt,0.6000000000000001,105.29437105101533
apriori.py,retail.txt,0.6000000000000001,63.89587947400287
apriori.py,retail.txt,0.6000000000000001,69.46892807201948
apriori.py,retail.txt,0.6000000000000001,55.179997178027406
p_rmtid_apriori.py,retail.txt,0.5750000000000001,109.08039677189663
p_rmtid_apriori.py,retail.txt,0.5750000000000001,104.88198642490897
p_rmtid_apriori.py,retail.txt,0.5750000000000001,101.29643817502074
rmtid_apriori.py,retail.txt,0.5750000000000001,110.43463780998718
rmtid_apriori.py,retail.txt,0.5750000000000001,99.13870218896773
rmtid_apriori.py,retail.txt,0.5750000000000001,81.86513314698823
apriori.py,retail.txt,0.5750000000000001,70.06706250098068
apriori.py,retail.txt,0.5750000000000001,60.122852994012646
apriori.py,retail.txt,0.5750000000000001,53.02239747904241
p_rmtid_apriori.py,retail.txt,0.55,83.29112612898462
p_rmtid_apriori.py,retail.txt,0.55,67.49380270892289
p_rmtid_apriori.py,retail.txt,0.55,51.052600768976845
rmtid_apriori.py,retail.txt,0.55,58.0451282429276
rmtid_apriori.py,retail.txt,0.55,57.02619606896769
rmtid_apriori.py,retail.txt,0.55,51.24297907401342
apriori.py,retail.txt,0.55,45.660227386048064
apriori.py,retail.txt,0.55,51.8332009089645
apriori.py,retail.txt,0.55,54.61850256600883
p_rmtid_apriori.py,retail.txt,0.525,51.00929105398245
p_rmtid_apriori.py,retail.txt,0.525,52.79130590194836
p_rmtid_apriori.py,retail.txt,0.525,46.2807325120084
rmtid_apriori.py,retail.txt,0.525,46.80150505399797
rmtid_apriori.py,retail.txt,0.525,50.04644550499506
rmtid_apriori.py,retail.txt,0.525,46.749931828002445
apriori.py,retail.txt,0.525,42.28074562095571
apriori.py,retail.txt,0.525,42.388855537050404
apriori.py,retail.txt,0.525,42.03083351103123
p_rmtid_apriori.py,retail.txt,0.5,46.740173584083095
p_rmtid_apriori.py,retail.txt,0.5,45.82108847901691
p_rmtid_apriori.py,retail.txt,0.5,45.53565148299094
rmtid_apriori.py,retail.txt,0.5,46.961919705034234
rmtid_apriori.py,retail.txt,0.5,46.843670057016425
rmtid_apriori.py,retail.txt,0.5,46.16739987197798
apriori.py,retail.txt,0.5,42.60459731100127
apriori.py,retail.txt,0.5,42.20118295599241
apriori.py,retail.txt,0.5,42.03814382303972
p_rmtid_apriori.py,retail.txt,0.9750000000000004,70.22163882300083
p_rmtid_apriori.py,retail.txt,0.9750000000000004,70.42583192000166
p_rmtid_apriori.py,retail.txt,0.9750000000000004,73.44476339399989
rmtid_apriori.py,retail.txt,0.9750000000000004,67.3050881470117
rmtid_apriori.py,retail.txt,0.9750000000000004,67.06738331999804
rmtid_apriori.py,retail.txt,0.9750000000000004,66.90282935099094
apriori.py,retail.txt,0.9750000000000004,58.28432962400257
apriori.py,retail.txt,0.9750000000000004,58.02999823000573
apriori.py,retail.txt,0.9750000000000004,57.95005005400162
p_rmtid_apriori.py,retail.txt,0.9500000000000004,69.43933742301306
p_rmtid_apriori.py,retail.txt,0.9500000000000004,69.74651110000559
p_rmtid_apriori.py,retail.txt,0.9500000000000004,69.7340012039931
rmtid_apriori.py,retail.txt,0.9500000000000004,67.09503990200756
rmtid_apriori.py,retail.txt,0.9500000000000004,68.76528731499275
rmtid_apriori.py,retail.txt,0.9500000000000004,67.05867954099085
apriori.py,retail.txt,0.9500000000000004,58.76350446199649
apriori.py,retail.txt,0.9500000000000004,64.2834429749928
apriori.py,retail.txt,0.9500000000000004,60.63515396299772
p_rmtid_apriori.py,retail.txt,0.9250000000000004,74.52603693799756
p_rmtid_apriori.py,retail.txt,0.9250000000000004,69.7866458879871
p_rmtid_apriori.py,retail.txt,0.9250000000000004,69.46814484300558
rmtid_apriori.py,retail.txt,0.9250000000000004,67.15591905899055
rmtid_apriori.py,retail.txt,0.9250000000000004,66.78341976099182
rmtid_apriori.py,retail.txt,0.9250000000000004,68.08922708200407
apriori.py,retail.txt,0.9250000000000004,59.781818118004594
apriori.py,retail.txt,0.9250000000000004,59.50238598999567
apriori.py,retail.txt,0.9250000000000004,62.06578635900223
p_rmtid_apriori.py,retail.txt,0.9000000000000004,69.97911601500527
p_rmtid_apriori.py,retail.txt,0.9000000000000004,71.57673006599362
p_rmtid_apriori.py,retail.txt,0.9000000000000004,69.26432694400137
rmtid_apriori.py,retail.txt,0.9000000000000004,67.6369223970105
rmtid_apriori.py,retail.txt,0.9000000000000004,66.73951012999169
rmtid_apriori.py,retail.txt,0.9000000000000004,66.98746566699992
apriori.py,retail.txt,0.9000000000000004,57.90336055599619
apriori.py,retail.txt,0.9000000000000004,58.384843007006566
apriori.py,retail.txt,0.9000000000000004,65.58679797200602
p_rmtid_apriori.py,retail.txt,0.8750000000000003,69.39497845500591
p_rmtid_apriori.py,retail.txt,0.8750000000000003,69.29961278800329
p_rmtid_apriori.py,retail.txt,0.8750000000000003,71.31845589200384
rmtid_apriori.py,retail.txt,0.8750000000000003,67.25183388599544
rmtid_apriori.py,retail.txt,0.8750000000000003,67.02134729200043
rmtid_apriori.py,retail.txt,0.8750000000000003,67.14008653801284
apriori.py,retail.txt,0.8750000000000003,59.461374065998825
apriori.py,retail.txt,0.8750000000000003,58.930708909989335
apriori.py,retail.txt,0.8750000000000003,59.347659277002094
p_rmtid_apriori.py,retail.txt,0.8500000000000003,69.93765220801288
p_rmtid_apriori.py,retail.txt,0.8500000000000003,70.42708743399999
p_rmtid_apriori.py,retail.txt,0.8500000000000003,69.78084343500086
rmtid_apriori.py,retail.txt,0.8500000000000003,66.85742272500647
rmtid_apriori.py,retail.txt,0.8500000000000003,67.21095501699892
rmtid_apriori.py,retail.txt,0.8500000000000003,67.05114815100387
apriori.py,retail.txt,0.8500000000000003,59.2806167339877
apriori.py,retail.txt,0.8500000000000003,58.801401659991825
apriori.py,retail.txt,0.8500000000000003,63.32203764701262
p_rmtid_apriori.py,retail.txt,0.8250000000000003,70.40826410800219
p_rmtid_apriori.py,retail.txt,0.8250000000000003,69.42931641598989
p_rmtid_apriori.py,retail.txt,0.8250000000000003,69.54781006099074
rmtid_apriori.py,retail.txt,0.8250000000000003,68.47157881000021
rmtid_apriori.py,retail.txt,0.8250000000000003,66.64767535899591
rmtid_apriori.py,retail.txt,0.8250000000000003,67.88315921201138
apriori.py,retail.txt,0.8250000000000003,59.145470718998695
apriori.py,retail.txt,0.8250000000000003,59.2486552259943
apriori.py,retail.txt,0.8250000000000003,59.2289787310001
p_rmtid_apriori.py,retail.txt,0.8000000000000003,69.64356955200492
p_rmtid_apriori.py,retail.txt,0.8000000000000003,69.47788485200726
p_rmtid_apriori.py,retail.txt,0.8000000000000003,69.22663173099863
rmtid_apriori.py,retail.txt,0.8000000000000003,67.37013962499623
rmtid_apriori.py,retail.txt,0.8000000000000003,67.69025138299912
rmtid_apriori.py,retail.txt,0.8000000000000003,67.23033251200104
apriori.py,retail.txt,0.8000000000000003,64.73411790300452
apriori.py,retail.txt,0.8000000000000003,59.68558526400011
apriori.py,retail.txt,0.8000000000000003,59.56889082399721
p_rmtid_apriori.py,retail.txt,0.28550000000000003,71.26138832399738
p_rmtid_apriori.py,retail.txt,0.28550000000000003,72.7435879590048
p_rmtid_apriori.py,retail.txt,0.28550000000000003,72.23632264399203
rmtid_apriori.py,retail.txt,0.28550000000000003,73.13258096399659
rmtid_apriori.py,retail.txt,0.28550000000000003,72.50204979300906
rmtid_apriori.py,retail.txt,0.28550000000000003,73.73738326100283
apriori.py,retail.txt,0.28550000000000003,60.27685358299641
apriori.py,retail.txt,0.28550000000000003,59.72113757999614
apriori.py,retail.txt,0.28550000000000003,60.8280951820052
p_rmtid_apriori.py,retail.txt,0.271,72.13314950600034
p_rmtid_apriori.py,retail.txt,0.271,71.96079726101016
p_rmtid_apriori.py,retail.txt,0.271,71.68127903999994
rmtid_apriori.py,retail.txt,0.271,75.10256796199246
rmtid_apriori.py,retail.txt,0.271,72.31575218899525
rmtid_apriori.py,retail.txt,0.271,73.04834459800622
apriori.py,retail.txt,0.271,60.9967331779917
apriori.py,retail.txt,0.271,60.1637623669958
apriori.py,retail.txt,0.271,59.47818004099827
p_rmtid_apriori.py,retail.txt,0.2565,71.69449340399296
p_rmtid_apriori.py,retail.txt,0.2565,74.73633308999706
p_rmtid_apriori.py,retail.txt,0.2565,74.6126479270024
rmtid_apriori.py,retail.txt,0.2565,72.17139096900064
rmtid_apriori.py,retail.txt,0.2565,72.31222215600428
rmtid_apriori.py,retail.txt,0.2565,71.80567301700648
apriori.py,retail.txt,0.2565,60.47621753500425
apriori.py,retail.txt,0.2565,61.465116428997135
apriori.py,retail.txt,0.2565,59.081030503002694
p_rmtid_apriori.py,retail.txt,0.24200000000000002,72.09649956700741
p_rmtid_apriori.py,retail.txt,0.24200000000000002,72.30945198099653
p_rmtid_apriori.py,retail.txt,0.24200000000000002,72.31317049301288
rmtid_apriori.py,retail.txt,0.24200000000000002,71.8988386750134
rmtid_apriori.py,retail.txt,0.24200000000000002,72.34269246699114
rmtid_apriori.py,retail.txt,0.24200000000000002,73.08099820799544
apriori.py,retail.txt,0.24200000000000002,59.773789268001565
apriori.py,retail.txt,0.24200000000000002,59.68376026699843
apriori.py,retail.txt,0.24200000000000002,60.2343912399956
p_rmtid_apriori.py,retail.txt,0.2275,77.86754732200643
p_rmtid_apriori.py,retail.txt,0.2275,73.08837031800067
p_rmtid_apriori.py,retail.txt,0.2275,71.34601644000213
rmtid_apriori.py,retail.txt,0.2275,72.56456339800206
rmtid_apriori.py,retail.txt,0.2275,72.67499744000088
rmtid_apriori.py,retail.txt,0.2275,74.10662361400318
apriori.py,retail.txt,0.2275,58.86397464798938
apriori.py,retail.txt,0.2275,59.915711938010645
apriori.py,retail.txt,0.2275,60.46139082599257
p_rmtid_apriori.py,retail.txt,0.21300000000000002,71.08096064299752
p_rmtid_apriori.py,retail.txt,0.21300000000000002,75.54731719699339
p_rmtid_apriori.py,retail.txt,0.21300000000000002,76.61024656498921
rmtid_apriori.py,retail.txt,0.21300000000000002,72.46445350701106
rmtid_apriori.py,retail.txt,0.21300000000000002,74.66124402299465
rmtid_apriori.py,retail.txt,0.21300000000000002,71.75593533100619
apriori.py,retail.txt,0.21300000000000002,59.740650717998506
apriori.py,retail.txt,0.21300000000000002,59.39564896799857
apriori.py,retail.txt,0.21300000000000002,63.63062503900437
p_rmtid_apriori.py,retail.txt,0.1985,71.93653403199278
p_rmtid_apriori.py,retail.txt,0.1985,71.93949448000058
p_rmtid_apriori.py,retail.txt,0.1985,71.72861697299231
rmtid_apriori.py,retail.txt,0.1985,73.72425473699695
rmtid_apriori.py,retail.txt,0.1985,75.41028382499644
rmtid_apriori.py,retail.txt,0.1985,72.22952903799887
apriori.py,retail.txt,0.1985,59.67957952200959
apriori.py,retail.txt,0.1985,59.65452136300155
apriori.py,retail.txt,0.1985,61.63785538599768
p_rmtid_apriori.py,retail.txt,0.18400000000000002,71.90842709199933
p_rmtid_apriori.py,retail.txt,0.18400000000000002,71.5766667650023
p_rmtid_apriori.py,retail.txt,0.18400000000000002,74.94301258699852
rmtid_apriori.py,retail.txt,0.18400000000000002,72.17393334300141
rmtid_apriori.py,retail.txt,0.18400000000000002,71.48456018800789
rmtid_apriori.py,retail.txt,0.18400000000000002,71.80790884500311
apriori.py,retail.txt,0.18400000000000002,59.0723203499947
apriori.py,retail.txt,0.18400000000000002,58.783448707996286
apriori.py,retail.txt,0.18400000000000002,58.70410470600473
p_rmtid_apriori.py,retail.txt,0.1695,78.15349238199997
p_rmtid_apriori.py,retail.txt,0.1695,71.68766834199778
p_rmtid_apriori.py,retail.txt,0.1695,73.48844077299873
rmtid_apriori.py,retail.txt,0.1695,72.55113583800266
rmtid_apriori.py,retail.txt,0.1695,77.15919163799845
rmtid_apriori.py,retail.txt,0.1695,72.2368431299983
apriori.py,retail.txt,0.1695,59.67038190399762
apriori.py,retail.txt,0.1695,60.529692864991375
apriori.py,retail.txt,0.1695,59.275075255005504
p_rmtid_apriori.py,retail.txt,0.15500000000000003,71.62879542399605
p_rmtid_apriori.py,retail.txt,0.15500000000000003,71.72768928400183
p_rmtid_apriori.py,retail.txt,0.15500000000000003,72.51172283099731
rmtid_apriori.py,retail.txt,0.15500000000000003,72.12434607000614
rmtid_apriori.py,retail.txt,0.15500000000000003,74.02694738999708
rmtid_apriori.py,retail.txt,0.15500000000000003,72.21143805100292
apriori.py,retail.txt,0.15500000000000003,59.11328252499516
apriori.py,retail.txt,0.15500000000000003,59.76222929499636
apriori.py,retail.txt,0.15500000000000003,61.21234757899947
p_rmtid_apriori.py,retail.txt,0.1405,72.42254532600055
p_rmtid_apriori.py,retail.txt,0.1405,71.73155144500197
p_rmtid_apriori.py,retail.txt,0.1405,72.96757324899954
rmtid_apriori.py,retail.txt,0.1405,72.0582630860008
rmtid_apriori.py,retail.txt,0.1405,72.92699249400175
rmtid_apriori.py,retail.txt,0.1405,72.480641371003
apriori.py,retail.txt,0.1405,62.037309726991225
apriori.py,retail.txt,0.1405,60.44708904900472
apriori.py,retail.txt,0.1405,59.69315382800414
p_rmtid_apriori.py,retail.txt,0.126,74.23422910200316
p_rmtid_apriori.py,retail.txt,0.126,73.80955431399343
p_rmtid_apriori.py,retail.txt,0.126,73.34793292899849
rmtid_apriori.py,retail.txt,0.126,76.88847120400169
rmtid_apriori.py,retail.txt,0.126,75.00533223400998
rmtid_apriori.py,retail.txt,0.126,75.08668947499245
apriori.py,retail.txt,0.126,59.91088657500222
apriori.py,retail.txt,0.126,61.09543827199377
apriori.py,retail.txt,0.126,60.03843639399565
p_rmtid_apriori.py,retail.txt,0.1115,77.99514457699843
p_rmtid_apriori.py,retail.txt,0.1115,79.88571798600606
p_rmtid_apriori.py,retail.txt,0.1115,72.64891290900414
rmtid_apriori.py,retail.txt,0.1115,75.87102603599487
rmtid_apriori.py,retail.txt,0.1115,74.72236124399933
rmtid_apriori.py,retail.txt,0.1115,74.8781000690069
apriori.py,retail.txt,0.1115,59.765639221004676
apriori.py,retail.txt,0.1115,60.62394114099152
apriori.py,retail.txt,0.1115,60.69163911099895
p_rmtid_apriori.py,retail.txt,0.097,73.49200445899623
p_rmtid_apriori.py,retail.txt,0.097,74.83324174099835
p_rmtid_apriori.py,retail.txt,0.097,74.13920412599691
rmtid_apriori.py,retail.txt,0.097,74.03479105699807
rmtid_apriori.py,retail.txt,0.097,78.29674732001149
rmtid_apriori.py,retail.txt,0.097,74.82813200200326
apriori.py,retail.txt,0.097,63.04775108999456
apriori.py,retail.txt,0.097,60.15721194399521
apriori.py,retail.txt,0.097,60.239609515003394
p_rmtid_apriori.py,retail.txt,0.0825,73.12980041300762
p_rmtid_apriori.py,retail.txt,0.0825,73.25651478000509
p_rmtid_apriori.py,retail.txt,0.0825,73.63045050599612
rmtid_apriori.py,retail.txt,0.0825,75.20908678900742
rmtid_apriori.py,retail.txt,0.0825,75.77248600999883
rmtid_apriori.py,retail.txt,0.0825,74.77239626100345
apriori.py,retail.txt,0.0825,61.19230423300178
apriori.py,retail.txt,0.0825,63.89270389499143
apriori.py,retail.txt,0.0825,60.95966320300067
p_rmtid_apriori.py,retail.txt,0.068,75.3786276900064
p_rmtid_apriori.py,retail.txt,0.068,77.29375300300308
p_rmtid_apriori.py,retail.txt,0.068,75.78915091100498
rmtid_apriori.py,retail.txt,0.068,76.58910066500539
rmtid_apriori.py,retail.txt,0.068,80.70286684299936
rmtid_apriori.py,retail.txt,0.068,76.47108270399622
apriori.py,retail.txt,0.068,61.96520652899926
apriori.py,retail.txt,0.068,61.1217673580104
apriori.py,retail.txt,0.068,61.00556339099421
p_rmtid_apriori.py,retail.txt,0.053500000000000006,74.87464857399755
p_rmtid_apriori.py,retail.txt,0.053500000000000006,75.58030605000386
p_rmtid_apriori.py,retail.txt,0.053500000000000006,75.72836470601032
rmtid_apriori.py,retail.txt,0.053500000000000006,76.03236711399222
rmtid_apriori.py,retail.txt,0.053500000000000006,75.35885696699552
rmtid_apriori.py,retail.txt,0.053500000000000006,76.04564512899378
apriori.py,retail.txt,0.053500000000000006,60.66759511800774
apriori.py,retail.txt,0.053500000000000006,66.55466965999221
apriori.py,retail.txt,0.053500000000000006,61.516958186999545
p_rmtid_apriori.py,retail.txt,0.039,74.57103724099579
p_rmtid_apriori.py,retail.txt,0.039,74.7194122899964
p_rmtid_apriori.py,retail.txt,0.039,76.51206304799416
rmtid_apriori.py,retail.txt,0.039,78.01366389999748
rmtid_apriori.py,retail.txt,0.039,75.8207811339962
rmtid_apriori.py,retail.txt,0.039,76.55391690699616
apriori.py,retail.txt,0.039,60.88104560899956
apriori.py,retail.txt,0.039,60.788635441000224
apriori.py,retail.txt,0.039,60.22281778699835
p_rmtid_apriori.py,retail.txt,0.0245,74.7217438390071
p_rmtid_apriori.py,retail.txt,0.0245,78.55484603799414
p_rmtid_apriori.py,retail.txt,0.0245,75.40553627700137
rmtid_apriori.py,retail.txt,0.0245,78.37608786299825
rmtid_apriori.py,retail.txt,0.0245,77.92867001100967
rmtid_apriori.py,retail.txt,0.0245,78.62387530099659
apriori.py,retail.txt,0.0245,62.60438439299469
apriori.py,retail.txt,0.0245,63.92563685499772
apriori.py,retail.txt,0.0245,65.14032117500028
p_rmtid_apriori.py,retail.txt,0.01,86.38080328200886
p_rmtid_apriori.py,retail.txt,0.01,86.94535971000732
p_rmtid_apriori.py,retail.txt,0.01,90.232695735991
rmtid_apriori.py,retail.txt,0.01,102.5808261110069
rmtid_apriori.py,retail.txt,0.01,100.1985581350018
rmtid_apriori.py,retail.txt,0.01,100.23917283798801
apriori.py,retail.txt,0.01,85.86218137999822
apriori.py,retail.txt,0.01,86.41284313099459
apriori.py,retail.txt,0.01,83.1613544869906
p_rmtid_apriori.py,retail.txt,0.0091,89.80784242300433
p_rmtid_apriori.py,retail.txt,0.0091,90.23468408400367
p_rmtid_apriori.py,retail.txt,0.0091,90.99068575300043
rmtid_apriori.py,retail.txt,0.0091,110.30160670999612
rmtid_apriori.py,retail.txt,0.0091,113.53565535499365
rmtid_apriori.py,retail.txt,0.0091,110.0958926040039
apriori.py,retail.txt,0.0091,92.5833112130058
apriori.py,retail.txt,0.0091,92.21296533200075
apriori.py,retail.txt,0.0091,92.6432497259957
p_rmtid_apriori.py,retail.txt,0.008200000000000002,97.42155417200411
p_rmtid_apriori.py,retail.txt,0.008200000000000002,97.71963660299662
p_rmtid_apriori.py,retail.txt,0.008200000000000002,95.75153344900173
rmtid_apriori.py,retail.txt,0.008200000000000002,130.84666578700126
rmtid_apriori.py,retail.txt,0.008200000000000002,127.20225765099167
rmtid_apriori.py,retail.txt,0.008200000000000002,125.14386930099863
apriori.py,retail.txt,0.008200000000000002,108.01684150700748
apriori.py,retail.txt,0.008200000000000002,108.70684208199964
apriori.py,retail.txt,0.008200000000000002,107.91226625599666
p_rmtid_apriori.py,retail.txt,0.007300000000000002,104.94457707100082
p_rmtid_apriori.py,retail.txt,0.007300000000000002,105.51792662100343
p_rmtid_apriori.py,retail.txt,0.007300000000000002,108.07754138699966
rmtid_apriori.py,retail.txt,0.007300000000000002,157.1078016179963
rmtid_apriori.py,retail.txt,0.007300000000000002,153.64594863599632
rmtid_apriori.py,retail.txt,0.007300000000000002,156.07540114800213
apriori.py,retail.txt,0.007300000000000002,133.38939553499222
apriori.py,retail.txt,0.007300000000000002,131.84760213799018
apriori.py,retail.txt,0.007300000000000002,147.07910961299785
p_rmtid_apriori.py,retail.txt,0.006400000000000001,131.20104754900967
p_rmtid_apriori.py,retail.txt,0.006400000000000001,145.63974186000996
p_rmtid_apriori.py,retail.txt,0.006400000000000001,134.3199847509968
rmtid_apriori.py,retail.txt,0.006400000000000001,209.20898262200353
rmtid_apriori.py,retail.txt,0.006400000000000001,200.2960971260036
rmtid_apriori.py,retail.txt,0.006400000000000001,201.91426443700038
